,theta_momentum_riskadj,theta_pure_value,theta_pure_quality,theta_shortterm_reversal,theta_growth_acceleration,theta_info_forensic_drift,theta_structural_liquidity,theta_systematic_risk,theta_size_smallcap
theta_momentum_riskadj,1.0,-0.05246583449769084,0.15340610257395493,-0.11461797953995777,-0.008404363202084137,0.10533449728537259,0.0077935292699019085,0.1864246795424301,-0.1726969183616356
theta_pure_value,-0.05246583449769084,1.0,0.12625495658656533,0.08916587718304311,-0.1517204756448588,0.02071476495510659,-0.027569003647908912,0.07714405866366904,-0.20097504724494117
theta_pure_quality,0.15340610257395493,0.12625495658656533,1.0,-0.031092040388975405,-0.03661993839432779,0.0987270906837433,-0.027724866064511834,0.19300484340204668,-0.06417723049344605
theta_shortterm_reversal,-0.11461797953995777,0.08916587718304311,-0.031092040388975405,1.0,-0.05695470562430355,-0.051003741395166606,-0.021097120159534178,0.05803625819049322,-0.028144525848453318
theta_growth_acceleration,-0.008404363202084137,-0.1517204756448588,-0.03661993839432779,-0.05695470562430355,1.0,-0.018619009941349494,0.01382560812387185,-0.26834131149822843,0.11802874147922926
theta_info_forensic_drift,0.10533449728537259,0.02071476495510659,0.0987270906837433,-0.051003741395166606,-0.018619009941349494,1.0,-0.03228032276706452,0.033308785492609065,-0.0831194754953627
theta_structural_liquidity,0.0077935292699019085,-0.027569003647908912,-0.027724866064511834,-0.021097120159534178,0.01382560812387185,-0.03228032276706452,1.0,0.03703517509526993,0.42698073783636153
theta_systematic_risk,0.1864246795424301,0.07714405866366904,0.19300484340204668,0.05803625819049322,-0.26834131149822843,0.033308785492609065,0.03703517509526993,1.0,-0.11093989514547604
theta_size_smallcap,-0.1726969183616356,-0.20097504724494117,-0.06417723049344605,-0.028144525848453318,0.11802874147922926,-0.0831194754953627,0.42698073783636153,-0.11093989514547604,1.0
