,mktrf,smb,hml,umd,rf
theta_momentum_riskadj,-0.06049668334746996,-0.014781425965454498,-0.014006096967686751,0.08063190356339513,0.027944092108173023
theta_pure_value,-0.029954615955012174,0.0006526444259363805,0.04725327212835402,-0.016508070394058667,-0.006873628903495168
theta_pure_quality,-0.1001982547922036,-0.04583054830447828,-0.009745133466741225,0.05547087521572018,-0.0016746470890626505
theta_shortterm_reversal,0.02849449901614991,-0.0026255680555524645,0.02944571778557924,-0.09236293213336694,0.008869537286526208
theta_growth_acceleration,-0.022775389590386403,0.04547979334009603,-0.03329714305135619,0.016995189804485732,0.006521672006740544
theta_info_forensic_drift,-0.06111732248986567,-0.015415093858438516,-0.03491381422636447,0.07595638228679918,0.0032363843558470724
theta_structural_liquidity,0.006844531187018251,-0.011557161033066836,-0.015754332176345774,0.012633185888027535,0.00011712285132927354
theta_systematic_risk,-0.03821854913885012,-0.02556276192729529,0.011477567452183547,0.05721993199805371,0.011080052317444784
theta_size_smallcap,0.02323920466919103,0.0043309894781911485,-0.0011386251460972086,-0.03798391203578474,-0.03244392300986264
