,mktrf,smb,hml,umd,rf
theta_momentum_riskadj,-0.05066370030229119,-0.015848122202251274,-0.03634627180771481,0.08777617667446211,0.028390222709299587
theta_pure_value,-0.020216458277261064,0.007180475780008596,0.045765991506604375,-0.014425731550601265,-0.012358682229127407
theta_pure_quality,-0.09706848719284374,-0.04493470708864004,-0.010847560894696559,0.06035966936362606,-0.004322621489895699
theta_shortterm_reversal,0.029066538790586665,0.009235415039688779,0.027980124023863823,-0.08943268413963279,0.007008420882457399
theta_growth_acceleration,-0.06865350361625457,0.05857929846501491,-0.04669079296041141,0.042360453330050805,-0.01663149349664495
theta_info_forensic_drift,-0.02864158603770173,-0.03908356142789103,-0.0030211234097270953,0.06879992897548094,0.007167402571712488
theta_structural_liquidity,-0.02099800297715591,-0.024451349509436344,-0.02059013055118235,0.02866673986322699,-0.012181379605382646
theta_systematic_risk,-0.02833836783031239,-0.039309334704036004,0.004560974675869827,0.04170922333120571,-0.00022391027123604002
theta_size_smallcap,0.02323920466919103,0.0043309894781911485,-0.0011386251460972086,-0.03798391203578474,-0.03244392300986264
